Column1,road_id,road_name,location,road_query,morning_truck,morning_car,morning_scooter,afternoon_truck,afternoon_car,afternoon_scooter,X,Y
0,EI001,承德路-民權西路,"['民權西路', '承德路三段', '民權西路', '承德路三段']",民權西路 承德路三段,169.83,1967.27,7790.9,122.52,1641.74,4493.74,121.5182325,25.0629867
1,EI002,民權東路~中山北路,"['民權東路一段', '中山北路二段', '民權西路', '中山北路二段']",民權東路一段 中山北路二段,134.47,2164.17,7206.36,110.68,2133.51,4278.81,121.5227006,25.0628986
2,EI003,民權東路~新生北路,"['民權東路', '新生北路', '民權東路', '新生北路']",民權東路 新生北路,124.07,2260.23,5558.7,66.33,1507.44,2420.23,121.5279805,25.0624438
3,EI004,民權東路~建國北路,"['民權東路三段', '建國北路二段', '民權東路二段', '建國北路三段']",民權東路三段 建國北路二段,179.45,4049.16,5107.39,113.24,3402.8,3105.96,121.5372535,25.0623015
4,EI005,民權東路~復興北路,"['民權東路三段', '復興北路', '民權東路三段', '復興北路']",民權東路三段 復興北路,159.32,2680.15,5332.53,117.03,2282.08,3333.89,121.5441389,25.0623145
5,EI006,民權東路~敦化北路,"['民權東路四段', '敦化北路', '民權東路三段', '松山機場']",民權東路四段 敦化北路,297.96,2695.79,4977.25,213.44,1850.5,2844.06,121.5507684,25.0614612
6,EI007,民權東路~光復北路,"['民權東路', '光復北路', '民權東路', '光復北路']",民權東路 光復北路,56.96,2083.96,4242.08,26.23,1077.2,2024.57,121.5656672,25.0633822
7,EI008,民權東路~成功路,"['民權東路六段', '成功路二段', '民權東路六段', '成功路二段']",民權東路六段 成功路二段,175.14,4985.13,2966.73,161.41,3242.87,2771.72,121.5907963,25.0690296
8,EI009,民生西路~環河北路,"['民生西路', '環河北路一段', '大稻埕碼頭', '環河北路一段']",民生西路 環河北路一段,7.01,3513.09,2922.9,59.33,3116.13,1281.54,121.5083011,25.0568767
9,EI010,中山北路~民生東西路,"['民生東路一段', '中山北路二段', '民生西路', '中山北路二段']",民生東路一段 中山北路二段,70.49,2206.29,4105.22,78.07,2312.44,3362.49,121.5229786,25.0579546
10,EI011,民生東路~新生北路,"['民生東路', '新生北路', '民生東路', '新生北路']",民生東路 新生北路,45.29,2088.27,2790.44,13.38,1968.66,1914.96,121.5280228,25.0582028
11,EI012,民生東路~松江路,"['民生東路二段', '松江路', '民生東路二段', '松江路']",民生東路二段 松江路,167.4,2455.25,3189.35,121.59,1651.32,2106.09,121.5332247,25.0578722
12,EI013,建國北路~民生東路,"['民生東路三段', '建國北路二段', '民生東路二段', '建國北路二段']",民生東路三段 建國北路二段,92.8,3396.24,3894.96,82.64,2499.95,2707.41,121.5371571,25.057812
13,EI014,民生東路~復興北路,"['民生東路三段', '復興北路', '民生東路三段', '復興北路']",民生東路三段 復興北路,125.19,3323.22,3744.59,91.25,2499.49,3124.26,121.5440874,25.0576954
14,EI015,民生東路~敦化北路,"['民生東路三段', '敦化北路', '民生東路四段', '敦化北路']",民生東路三段 敦化北路,233.03,2813.63,3480.34,188.1,2364.89,2559.01,121.5490242,25.0576296
15,EI016,民生東路~光復北路,"['民生東路', '光復北路', '民生東路', '光復北路']",民生東路 光復北路,106.17,1739.14,1613.69,63.14,1144.88,1405.98,121.5542406,25.0563169
16,EI017,南京西路~重慶北路~寧夏路,"['南京西路', '重慶北路一段', '南京西路', '重慶北路二段']",南京西路 重慶北路一段,164.25,971.14,2262.61,138.38,784.52,1398.1,121.5144361,25.0540211
17,EI018,南京西路~承德路,"['南京西路', '承德路一段', '南京西路', '承德路二段']",南京西路 承德路一段,133.62,1122.31,3203.07,112.6,941.67,2007.73,121.5177697,25.0531919
18,EI019,南京西路~中山北路,"['南京東路一段', '中山北路一段', '南京西路', '中山北路二段']",南京東路一段 中山北路一段,203.78,1864.76,4548.46,130.83,1780.5,2981.67,121.5225025,25.0521538
19,EI020,南京東路~新生北路,"['南京東路', '新生北路', '南京東路', '新生北路']",南京東路 新生北路,142.06,1687.71,3855.23,78.78,1360.02,1789.2,121.5277235,25.0511352
20,EI021,南京東路~松江路,"['南京東路二段', '松江路', '南京東路二段', '松江路']",南京東路二段 松江路,198.9,2165.22,4196.88,196.28,2002.03,2684.69,121.5330755,25.0519327
21,EI022,南京東路~建國北路,"['南京東路三段', '建國北路一段', '南京東路二段', '建國北路二段']",南京東路三段 建國北路一段,147.79,3639.16,4529.05,132.05,2901.22,2879.73,121.5370216,25.0519296
22,EI023,復興北路 ~南京東路,"['南京東路三段', '復興北路', '南京東路三段', '復興北路']",南京東路三段 復興北路,140.49,3106.7,5835.81,131.31,2488.62,3851.07,121.5439657,25.0519146
23,EI024,南京東路~敦化北路,"['南京東路四段', '敦化北路', '南京東路三段', '敦化北路']",南京東路四段 敦化北路,272.18,3165.5,5055.32,204.3,2604.68,3393.02,121.5489606,25.051827
24,EI025,南京東路~光復北路,"['南京東路五段', '光復北路', '南京東路四段', '光復北路']",南京東路五段 光復北路,194.99,2467.05,3602.96,137.28,1734.23,2507.49,121.5578646,25.0516266
25,EI026,南京東路~基隆路~塔悠路,"['塔悠路', '基隆路一段', '南京東路五段', '塔悠路']",塔悠路 基隆路一段,133.28,2318.47,2822.25,60.76,1192.1,1980.14,121.5704203,25.0508789
26,EI027,忠孝西路~中華路~塔城街,"['忠孝西路一段', '中華路一段', '忠孝西路二段', '塔城街']",忠孝西路一段 中華路一段,316.94,3541.61,4319.45,171.78,2117.74,2492.48,121.5099307,25.0480898
27,EI028,忠孝西路~重慶北路,"['忠孝西路一段', '重慶南路一段', '忠孝西路一段', '重慶北路一段']",忠孝西路一段 重慶南路一段,458.01,3567.78,1829.21,238.01,1840.64,1412.35,121.5132814,25.0471727
28,EI029,忠孝東路-中山北路,"['忠孝東路一段', '中山南路', '忠孝西路一段', '中山北路一段']",忠孝東路一段 中山南路,450.48,3460.55,3291.97,327.48,2906.62,2994.9,121.5195653,25.0455858
29,EI030,忠孝東路~八德路,"['忠孝東路二段', '-', '忠孝東路二段', '八德路一段']",忠孝東路二段 八德路一段,139.87,2706.69,2006.44,86.12,1733.52,1222.36,121.5291044,25.0434298
30,EI031,忠孝東路~新生南路,"['忠孝東路三段', '新生南路一段', '忠孝東路二段', '新生南路一段']",忠孝東路三段 新生南路一段,220.63,3367.07,4257.3,120.7,2234.88,3014.42,121.5329673,25.042279
31,EI032,忠孝東路~建國南路,"['忠孝東路三段', '建國南路一段', '忠孝東路三段', '建國南路一段']",忠孝東路三段 建國南路一段,209.25,4670.6,4676.15,150.99,3053.85,3302.16,121.5367388,25.0418417
32,EI033,忠孝東路~復興南路,"['忠孝東路四段', '復興南路一段', '忠孝東路三段', '復興南路一段']",忠孝東路四段 復興南路一段,203.1,4415.39,5295.51,126.12,3143.22,3690.66,121.543701,25.0416816
33,EI034,忠孝東路~敦化南路,"['忠孝東路四段', '敦化南路一段', '忠孝東路四段', '敦化南路一段']",忠孝東路四段 敦化南路一段,211.84,4762.26,4359.9,162.47,3405.26,2910.27,121.5488857,25.0414264
34,EI035,忠孝東路~光復南路,"['忠孝東路四段', '光復南路', '忠孝東路四段', '光復南路']",忠孝東路四段 光復南路,132.51,3107.67,4109.82,94.72,2302.23,2699.05,121.5576193,25.0414125
35,EI036,忠孝東路~基隆路,"['忠孝東路五段', '基隆路一段', '忠孝東路四段', '基隆路一段']",忠孝東路五段 基隆路一段,263.75,3685.12,4930.13,171.42,2903.7,3858.88,121.5646231,25.041092
36,EI037,仁愛路~金山南路,"['仁愛路二段', '金山南路一段', '仁愛路二段', '金山南路一段']",仁愛路二段 金山南路一段,97.55,3237.83,1766.62,64.51,1483.82,942.67,121.5284308,25.0383492
37,EI038,仁愛路~新生南路,"['仁愛路三段', '新生南路一段', '仁愛路二段', '新生南路一段']",仁愛路三段 新生南路一段,169.44,2873.46,3366.1,107.42,1346.51,2153.07,121.5329502,25.038331
38,EI039,仁愛路~建國南路,"['仁愛路三段', '建國南路一段', '仁愛路三段', '建國南路一段']",仁愛路三段 建國南路一段,143.55,3443.04,2452.41,61.95,1162.29,1959.76,121.5388935,25.0384197
39,EI040,仁愛路~復興南路,"['仁愛路四段', '復興南路一段', '仁愛路三段', '復興南路一段']",仁愛路四段 復興南路一段,137.26,2537.28,3237.46,101.96,1251.04,2329,121.5437856,25.0377851
40,EI041,仁愛路~光復南路,"['仁愛路四段', '光復南路', '仁愛路四段', '光復南路']",仁愛路四段 光復南路,115.95,2257.12,2273.93,73.48,1537.42,1854.1,121.5575207,25.0375086
41,EI042,信義路~金山南路,"['信義路二段', '金山南路二段', '信義路二段', '金山南路一段']",信義路二段 金山南路二段,127.83,1959.99,1735.18,62.85,1963.68,1668.47,121.5273201,25.0339692
42,EI043,信義路~新生南路,"['信義路', '新生南路', '信義路', '新生南路']",信義路 新生南路,245.17,2901.9,4902.93,142.18,2714.85,3470.97,121.532852,25.033243
43,EI044,信義路~建國南路,"['信義路三段', '建國南路二段', '信義路三段', '建國南路一段']",信義路三段 建國南路二段,139.22,3220.78,4499,64.31,2754.76,3611.93,121.537587,25.0334441
44,EI045,信義路~復興南路,"['信義路四段', '復興南路二段', '信義路三段', '復興南路二段']",信義路四段 復興南路二段,209.63,2649.87,4360.5,102.98,2626.02,3408,121.5436876,25.0332999
45,EI046,信義路~敦化南路,"['信義路四段', '敦化南路二段', '信義路四段', '敦化南路一段']",信義路四段 敦化南路二段,267.38,3851.2,4626.42,134.17,3774.88,3380.95,121.5490535,25.0331812
46,EI047,信義路~光復南路,"['信義路四段', '光復南路', '信義路四段', '光復南路']",信義路四段 光復南路,210.03,2048.79,2430.18,82.02,1937.58,2486.4,121.5575355,25.0331518
47,EI048,信義路~基隆路,"['信義路五段', '基隆路二段', '信義路四段', '基隆路一段']",信義路五段 基隆路二段,201.8,3759.92,4791.28,115.91,2864.58,4334.51,121.5596372,25.0329619
48,EI049,和平西路~中華路,"['和平西路二段', '中華路二段', '和平西路二段', '中華路二段']",和平西路二段 中華路二段,121.75,1275.15,2117.1,106.14,661.53,1140.33,121.5052997,25.0335159
49,EI050,和平西路~重慶南路,"['和平西路一段', '重慶南路三段', '福州街', '和平西路二段']",和平西路一段 重慶南路三段,97.53,2326.42,5980.05,71.69,1585.2,3768.11,121.516015,25.0273422
50,EI051,和平東路~羅斯福路,"['和平東路一段', '羅斯福路二段', '和平西路一段', '羅斯福路二段']",和平東路一段 羅斯福路二段,145.23,2831.73,4634.04,116.53,1949.32,3152.15,121.5224723,25.0271334
51,EI052,民權東路~成功路~金湖路~康寧路,"['康寧路', '民權東路', '金湖路', '成功路']",康寧路 民權東路,138.52,2333.11,1909.37,79.31,1486.33,1444.36,121.60973,25.06902
52,EI053,和平東路~新生南路,"['和平東路二段', '新生南路三段', '和平東路一段', '新生南路二段']",和平東路二段 新生南路三段,120.59,1907.53,3537.88,100.46,1538.34,2244.2,121.5348119,25.0260913
53,EI054,和平東路~建國南路,"['和平東路二段', '建國南路二段', '和平東路二段', '建國南路二段']",和平東路二段 建國南路二段,82.21,1920.11,3432.68,72.6,1594.35,2139.05,121.5374422,25.0255499
54,EI055,和平東路-復興南路,"['和平東路二段', '復興南路二段', '和平東路二段', '復興南路二段']",和平東路二段 復興南路二段,87.42,1724.31,3272.27,86.11,1537.67,2690.22,121.5434961,25.0249154
55,EI056,和平東路~敦化南路,"['和平東路', '敦化南路', '和平東路', '敦化南路']",和平東路 敦化南路,124.18,1973.24,3092.58,101.33,2082,2184.67,121.549145,25.025106
56,EI057,和平東路~基隆路,"['崇德街', '和平東路三段', '基隆路二段', '和平東路三段']",崇德街 和平東路三段,160.88,3586.14,5623.98,191.43,3408.24,5553.33,121.554993,25.024398
57,EI058,和平東路~木柵路,"['木柵路四段', '-', '木柵路四段', '和平東路四段']",木柵路四段 和平東路四段,126.28,1993.2,1324.52,46.32,949.92,675.76,121.5746026,24.9982023
58,EI059,重慶北路~中正路,"['中正路', '重慶北路', '中正路', None]",中正路 重慶北路,195.58,5924.06,6738.36,77.93,3070.54,2653.53,121.5135533,25.0753507
59,EI060,民族西路~重慶北路,"['民族西路', '重慶北路三段', '民族西路', '重慶北路三段']",民族西路 重慶北路三段,173.86,2331.6,2692.54,153.37,2013.83,1863.8,121.5136345,25.0686427
60,EI061,重慶北路~長安西路,"['長安西路', '重慶北路一段', '長安西路', '重慶北路一段']",長安西路 重慶北路一段,118.36,729.52,2375.12,74.93,571.41,1265.66,121.5138892,25.0516176
61,EI062,市民大道(鄭州路)~重慶北路,"['市民大道(鄭州路)', '重慶北路一段', '市民大道(鄭州路)', '重慶北路一段']",市民大道(鄭州路) 重慶北路一段,118.33,1680.94,4967.73,94.74,1023.6,2039.66,121.5133033,25.049314
62,EI063,重慶南路~汀州路,"['汀洲路二段', '重慶南路三段', '汀洲路二段', '重慶南路三段']",汀洲路二段 重慶南路三段,79.49,2215.29,5243.22,75.12,1688.11,4117.77,121.5158163,25.025915
63,EI064,中正路~承德路,"['中正路', '承德路四段', '中正路', '承德路五段']",中正路 承德路四段,193.59,7469.4,8863.01,151,5200.3,5487.7,121.5164558,25.0911201
64,EI065,承德路~民族西路,"['民族西路', '承德路三段', '民族西路', '承德路三段']",民族西路 承德路三段,138.26,2576.59,5247.15,111.99,1660.24,3124.77,121.5184725,25.0685374
65,EI066,承德路~長安西路,"['長安西路', '承德路', '長安西路', '承德路']",長安西路 承德路,78.39,867.97,2880.64,99.62,811.06,1801.32,121.519876,25.05014
66,EI067,市民大道~承德路,"['市民大道一段', '承德路一段', '鄭州路', '承德路一段']",市民大道一段 承德路一段,130.85,810.01,4007.14,125.83,717.75,2011.42,121.5165608,25.0489214
67,EI068,中山北路~民族西路,"['民族東路', '中山北路三段', '民族西路', '中山北路三段']",民族東路 中山北路三段,117.3,2493.91,6329.79,138.72,2212.26,2895.02,121.522872,25.0684716
68,EI069,中山北路~長安東西路,"['長安東路', '中山北路一段', '長安西路', '中山北路一段']",長安東路 中山北路一段,104.7,1687.74,3843.56,106.8,1463.36,2850.84,121.5225257,25.0495627
69,EI070,中山北路~市民大道,"['市民大道二段', '中山北路- 段', '市民大道一段', '中山北路- 段']",市民大道二段 中山北路- 段,169.78,1572.47,5835.75,153.41,1467.09,3457.5,121.5283135,25.0467955
70,EI071,中山南路~愛國東西路~羅斯福路,"['愛國東路', '羅斯福路一段', '愛國西路', '中山南路']",愛國東路 羅斯福路一段,100.22,2906.2,4852.58,66.59,1972.19,3227.22,121.5169125,25.0347056
71,EI072,民族東路~松江路,"['民族東路', '建國北路三段', '松江路', '民族東路']",民族東路 建國北路三段,242.09,3929.92,2952.99,197.38,2972.13,2014.49,121.5335913,25.0681682
72,EI073,松江路~長安東路,"['長安東路', '松江路', '長安東路', '松江路']",長安東路 松江路,101.25,1532.7,3266.05,93.53,1352.37,2602.1,121.5345809,25.048304
73,EI074,松江路~市民大道~新生北路,"['市民大道三段', '新生北路一段', '市民大道三段', '松江路']",市民大道三段 新生北路一段,105,2736.47,6289.53,73.48,1978.81,3754.71,121.5327998,25.0453333
74,EI075,新生南路~八德路,"['八德路二段', '新生南路一段', '八德路一段', '新生北路一段']",八德路二段 新生南路一段,98.43,1326.95,2656.62,83.63,1441.57,2367.8,121.5328509,25.0443654
75,EI076,新生南路~辛亥路,"['辛亥路二段', '新生南路三段', '辛亥路一段', '新生南路三段']",辛亥路二段 新生南路三段,113.46,1674.54,3030,97.15,1139.35,2278.5,121.5344023,25.0226195
76,EI077,羅斯福路~新生南路,"['羅斯福路四段', '羅斯福路三段316巷', '羅斯福路三段', '新生南路三段']",羅斯福路四段 羅斯福路三段316巷,227.76,1856.08,4543.16,116.76,1092.89,2598.35,121.5329459,25.016168
77,EI078,長安東路~建國北路,"['長安東路二段', '建國北路一段', '長安東路二段', '建國北路一段']",長安東路二段 建國北路一段,41.68,2805.88,2816.44,31.09,2405.55,2452.36,121.5365302,25.0484042
78,EI079,建國北路~市民大道?,"['市民大道三段', '建國南路一段', '市民大道三段', '建國南路一段']",市民大道三段 建國南路一段,24.55,2954.6,4546.85,24.16,2052.66,2369.18,121.536385,25.0446622
79,EI080,辛亥路~建國南路,"['-', '辛亥路二段', '辛亥路二段', '建國南路二段']",辛亥路二段 建國南路二段,93.92,6517.12,2780.96,84.93,5659.89,2748.18,121.5379332,25.0229154
80,EI081,八德路~敦化北路,"['八德路三段', '敦化南路一段', '八德路二段', '敦化北路']",八德路三段 敦化南路一段,169.91,3142.43,3621.66,165.26,2515.83,3019.91,121.5491564,25.0481886
81,EI082,市民大道~敦化南路,"['市民大道四段', '敦化南路', '市民大道四段', '敦化南路']",市民大道四段 敦化南路,111,1788.52,3735.48,102.34,1598.83,2687.83,121.5485773,25.0434072
82,EI083,基隆路~敦化南路,"['基隆路二段', '-', '基隆路三段', '敦化南路二段']",基隆路二段 基隆路三段,122.61,1658.4,4082.99,114.38,2435.68,1965.94,121.5485466,25.0209611
83,EI084,基隆路~八德路,"['八德路四段', '基隆路一段', '八德路四段', '寶清街']",八德路四段 基隆路一段,74.98,1435.66,2137.36,32.95,921.54,1672.51,121.5696185,25.0495167
84,EI085,市民大道~基隆路,"['市民大道六段', '基隆路一段', '市民大道五段', '基隆路一段']",市民大道六段 基隆路一段,42.81,1529.09,2899.1,25.56,1100.26,2346.18,121.5693314,25.0490653
85,EI086,基隆路~光復南路,"['基隆路二段', '基隆路二段79巷4弄', '基隆路二段', '光復南路']",基隆路二段 基隆路二段79巷4弄,91.64,2590.22,3896.14,68.98,1086.23,2091.79,121.5579924,25.0302649
86,EI087,辛亥路~基隆路,"['辛亥路三段', '基隆路三段', '辛亥路三段', '基隆路三段']",辛亥路三段 基隆路三段,155.6,3417.12,7136.28,150.5,3156.56,5449.94,121.5463807,25.0190762
87,EI088,基隆路~汀州路,"['基隆路四段', '汀州路四段', '基隆路四段', '汀州路三段']",基隆路四段 汀州路四段,54.61,675.5,3467.89,16.06,255.76,1352.18,121.5364261,25.0108145
88,EI089(1),羅斯福路~辛亥路,"['羅斯福路三段', '辛亥路一段', '羅斯福路三段', '辛亥路一段']",羅斯福路三段 辛亥路一段,154.96,2211.24,3054.8,73.79,1064.12,1665.09,121.5290514,25.0198052
89,EI089(2),羅斯福路~辛亥路,"['羅斯福路三段', '辛亥路一段', '羅斯福路三段', '辛亥路一段']",羅斯福路三段 辛亥路一段,134.73,2089,2658.27,64.74,1653.44,2501.82,121.5290514,25.0198052
90,EI090,文德路~成功路,"['成功路', '成功路', '文德路', '-']",成功路 文德路,140.64,2513.7,1678.66,111.33,1416.06,1655.61,121.5892963,25.078598
91,EI091,中正路~環河北路,"['中正路', '環河北路', '-', '環河北路']",中正路 環河北路,142.71,6005.67,1069.62,107.16,4655.04,595.8,121.5061524,25.0855244
92,EI092,民族西路~環河北路,"['民族西路', '環河北路', None, '環河北路']",民族西路 環河北路,53.08,4000.22,1254.7,44.61,3329.07,1087.32,121.5097782,25.0685215
93,EI093,民族東路~新生北路,"['民族東路', '新生北路', '民族東路', '新生北路']",民族東路 新生北路,98.27,1991.62,3341.11,116.51,1558.65,932.84,121.5326822,25.0685674
94,EI094,民族東路~復興北路,"['民族東路', '復興北路', '民族東路', '復興北路']",民族東路 復興北路,34.42,1829.82,2770.76,30.4,1852.72,2395.88,121.5443871,25.0663033
95,EI095,新生北路-長安東路,"['長安東路二段', '新生北路一段', '長安東路一段', '新生北路一段']",長安東路二段 新生北路一段,20.56,2303.38,2244.06,15.94,1934.75,1707.31,121.5294825,25.0481736
96,EI096,八德路~塔悠路,"['八德路四段', '松信路', '八德路四段', '塔悠街']",八德路四段 松信路,163.03,1248.27,1639.7,58.46,780.93,1198.61,121.5727809,25.0497009
97,EI097,八德路~南港路,"['南港路三段', '東新街', '八德路四段', '南港路三段']",南港路三段 東新街,146.64,1286.27,2579.09,109.46,1265.65,2267.89,121.5827282,25.0517212
98,EI098,內湖路~文德路,"['文德路', '文德路22巷', '內湖路一段', '內湖路二段']",文德路 文德路22巷,86.46,1161.17,1434.37,50.32,682.18,1220.5,121.5795382,25.078457
99,EI099,市民大道-光復南路,"['市民大道五段', '菸廠路', '光復南路', '市民大道四段']",市民大道五段 菸廠路,77.3,2617.24,3464.46,41.3,2637.19,2457.51,121.5578337,25.0449791
100,EI100,辛亥路~木柵路,"['木柵路一段', '辛亥路七段', '木柵路一段', '辛亥路六段']",木柵路一段 辛亥路七段,66.96,1463.48,2730.56,44.97,1041.87,2063.16,121.5523723,24.9877954
101,EI101,興隆路~木柵路,"['木柵路', '興隆路', '木柵路', '興隆路']",木柵路 興隆路,124.11,1621.39,1835.5,68.16,1138.01,1277.83,121.560974,24.984462
102,EI102,秀明路~木柵路,"['秀明路', '木柵路三段', '木柵路二段', '木柵路二段161巷']",秀明路 木柵路三段,79.46,697.87,973.67,72.18,532.98,674.84,121.5631576,24.9890436
103,EI103,木柵路-秀明路~萬壽橋,"['萬壽橋', '木柵路', '秀明路', '木柵路']",萬壽橋 木柵路,90.23,2009.4,1825.37,97.98,1802.39,1400.63,121.571037,24.9912285
104,EI104,市民大道~環河北路,"['鄭州路', '環河北路一段', '堤外道路', '環河北路一段']",鄭州路 環河北路一段,21.8,2546.99,4024.21,8.72,804.64,1248.64,121.5067042,25.0506546
105,EI105,中華路-汀州路,"['汀州路', '中華路', '汀州路', '中華路']",汀州路 中華路,77.73,472.04,1112.23,71.16,439.3,797.54,121.5296362,25.0172364
106,EI106,中華路-水源路,"['水源路', '水源路', '中華路', '泉州街']",水源路 中華路,9.15,1869.32,556.53,16.18,940.62,169.2,121.5234329,25.0194901
107,EI107,中華路~艋舺大道,"['中華路', '中華路', '艋舺大道', None]",中華路 艋舺大道,147.8,1938.92,3687.28,48.92,987.68,1245.4,121.5027584,25.0332061
108,EI108,汀州路~辛亥路,"['汀州路三段', '-', '汀州路三段', '辛亥路一段']",汀州路三段 辛亥路一段,30.95,916.92,1249.13,18.32,682.73,1130.95,121.527509,25.0184901
109,EI109,辛亥路-復興南路,"['辛亥路二段', '台灣大學側門', '辛亥路三段', '復興南路']",辛亥路二段 台灣大學側門,121.53,5609.25,3101.22,42.73,2635.21,1748.06,121.5415777,25.0208287
110,EI110,辛亥路~興隆路,"['興隆路三段', '辛亥路五段', '興隆路二段', '辛亥路四段']",興隆路三段 辛亥路五段,86.2,1846.8,2751,58.3,1122.39,1877.31,121.5546151,25.0008128
111,EI111,濱江街~大直橋,"['濱江街', '復北地下道', '濱江街', '大直橋']",濱江街 復北地下道,37.37,2932.93,3401.7,52.96,2706.28,2954.76,121.5442513,25.0721727
112,EI112,復興南路 ~市民大道,"['市民大道', '復興南路', '市民大道', '復興南路']",市民大道 復興南路,36.23,2185.32,5129.45,32.7,1941.9,2977.4,121.5433797,25.044961
113,EI113,市民大道~金山南路,"['市民大道三段', '金山北路', '市民大道二段', '金山北路']",市民大道三段 金山北路,25.9,2437.36,5060.74,0,1524.22,2443.78,121.5308666,25.0459983
114,EI114,忠孝東路~松仁路,"['忠孝東路五段', '松仁路', '忠孝東路五段', '永吉路30巷']",忠孝東路五段 松仁路,169.89,2178.31,3079.8,104.67,1554.46,2187.87,121.5685509,25.0410116
115,EI115,師大路~水源路,"['師大路', '水源路', '-', '水源路']",師大路 水源路,13.64,4241.49,375.87,19.12,1759.04,133.84,121.5225836,25.0204238
116,EI116,羅斯福路~林森南路,"['羅斯福路一段', '南海路', '羅斯福路一段', '林森南路']",羅斯福路一段 南海路,72.99,1964.11,3630.9,38.96,1238.28,3161.76,121.518093,25.0328869
117,EI117,師大路~汀州路,"['師大路', '汀州路三段', '師大路', '汀州路二段']",師大路 汀州路三段,25.41,5564.51,891.08,54.67,4407.11,1005.22,121.5254344,25.0210144
118,EI118,中華路~成都路,"['衡陽路/寶慶路', '中華路一段', '成都路', '中華路一段']",衡陽路/寶慶路 中華路一段,270.72,2557.65,4179.63,254.5,2318.5,3191,121.5091182,25.0415609
119,EI119,木柵路4段~萬芳交流道,"['木柵路五段', '-', '木柵路四段', '萬芳交流道']",木柵路五段 木柵路四段,202.3,3631.1,1033.6,125.45,2965.95,418.6,121.5768096,25.0002151
120,EI120,大度路~立德路,"['大度路', '無名巷', '大度路', '立德路']",大度路 無名巷,100.96,4273.16,4029.88,52.74,2150.77,1700.49,121.5392073,25.025007
121,EI121,中山北路~忠誠路,"['忠誠路一段', '中山北路六段', '中山北路六段35巷', '中山北路六段']",忠誠路一段 中山北路六段,117.24,2926.01,2012.75,59.88,2018.38,1744.74,121.526678,25.1041858
122,EI122,康寧路~安康路,"[None, '南湖大橋', '安康路', '康寧路三段']",南湖大橋 安康路,143.09,2636.1,1922.81,115.88,2891.18,1809.94,121.6109886,25.0649246
123,EI123,至誠路~雙溪街~中山北路5段(含福林橋下),"['至誠路', '雙溪街', '雙溪街', '福林橋']",至誠路 雙溪街,14.31,1354.31,1799.38,16.85,959.18,832.97,121.5339616,25.1013035
124,EI124,市民大道(鄭州路)~塔城街,"['市民大道(鄭州路)', '塔城街', '市民大道(鄭州路)', '塔城街']",市民大道(鄭州路) 塔城街,96.12,1224.49,4542.39,58.06,733.75,2034.19,121.5104826,25.0500532
125,EI125,延平北路-民權西路,"['民權西路', '延平北路三段', '民權西路', '延平北路三段']",民權西路 延平北路三段,25.31,391.51,7163.18,17.04,308.71,3055.25,121.5112205,25.0627882
126,EI126,市民大道(鄭州路)~西寧北路,"['市民大道(鄭州路)', '西寧北路', '市民大道(鄭州路)', '西寧北路']",市民大道(鄭州路) 西寧北路,29.05,588.8,2874.15,8.32,334.91,1847.77,121.5119395,25.0508285
127,EI127,瑞湖街-陽光街,"['陽光街', '瑞湖街', '陽光街', '瑞湖街']",陽光街 瑞湖街,36.65,799.93,1510.42,17.3,496.65,919.05,121.5761379,25.0728317
128,EI128,文林路~基河路,"['-', '基河路', '基河路', '文林路']",基河路 文林路,112.58,862.25,732.17,95.07,773.95,889.98,121.5251562,25.0858994
129,EI129,洲美快速道路~延平北路7段,"['-', '延平北路7段', '延平北路7段', '洲美快速道路']",延平北路7段 洲美快速道路,156.96,5148.58,1228.46,209.57,4960.35,1143.08,121.4972592,25.0946331
130,NI001,堤頂大道-基湖路,"['堤頂大道', '基湖路', '堤頂大道', '基湖路']",堤頂大道 基湖路,85.64,2793.3,1995.06,34.48,1298.93,901.59,121.5630956,25.076721
131,NI002,堤頂大道~內湖路,"['內湖路一段', '堤頂大道二段', '內湖路一段', '內湖路一段91巷']",內湖路一段 堤頂大道二段,91,2276.55,3314.45,56.13,1654.22,2034.65,121.5606901,25.0845093
132,NI003,堤頂大道-樂群一路,"['堤頂大道二段', '樂群一路', '堤頂大道二段', '瑞光路478巷']",堤頂大道二段 樂群一路,45.4,4109.54,2125.06,8.94,2010.96,729.1,121.5679353,25.0775064
133,NI004,堤頂大道~港墘路,"['港墘路', '堤頂大道一段', '-', '堤頂大道一段']",港墘路 堤頂大道一段,102.01,7250.06,2848.93,55.69,4344.47,1168.84,121.5722056,25.0746157
134,NI005,中正路~文林路,"['中正路', '文林路', '中正路', '文林路']",中正路 文林路,216.84,1253.74,2081.42,153.67,1025.55,1548.78,121.5246169,25.0950624
135,NI006,中正路~延平北路,"['中正路', '延平北路五段', '中正路', '延平北路六段']",中正路 延平北路五段,111.63,1355.89,5642.48,73.17,940.49,3215.34,121.5094147,25.0866066
136,NI007,中正路~福林路,"['福林路', '福林路', '中正路', '雨農路']",福林路 中正路,104.25,1283.42,1622.33,43.86,602.18,618.96,121.5321976,25.0965169
137,NI008,中正路~士商路,"['中正路', '士商路', '中正路', '士商路']",中正路 士商路,199.22,1976.34,2721.44,109.84,1267.8,1550.36,121.5163483,25.0943198
138,NI009,中正路~基河路,"['中正路', '基河路', '中正路', '基河路']",中正路 基河路,198.54,1997.32,2574.14,122.71,1288.5,1599.79,121.5200876,25.0933047
139,NI010,成功路~康湖路? ? ?,"['康湖路', '成功路', '-', '成功路']",康湖路 成功路,93.35,1066.17,833.48,80.55,927.24,603.21,121.6087998,25.0740538
140,NI011,成功路~康寧路,"['康寧路', '民權東路', '金湖路', '成功路']",康寧路 民權東路,137.47,1895.57,1629.96,71.01,1381.83,1202.16,121.60973,25.06902
141,NI012,成功路-新明路,"['安康路', '成功路二段(成功橋)', '新明路', '成功路二段']",安康路 成功路二段(成功橋),171.44,2891.03,2314.53,142.32,2487.16,1934.52,121.591273,25.0606113
142,N013,成功路~金湖路,"['成功路四段', '金湖路', '成功路四段', '金龍路']",成功路四段 金湖路,125.61,1410.08,1301.31,93.92,1185.57,985.51,121.5952623,25.0840683
143,NI014,承德路~石牌路,"['石牌路', '承德路七段', '-', '承德路七段']",石牌路 承德路七段,134.32,3501.9,4539.78,61,2669.4,3369.6,121.510343,25.111913
144,NI015,承德路三段~敦煌路,"['敦煌路', '承德路三段', '敦煌路', '承德路三段']",敦煌路 承德路三段,84.97,1517.44,2736.59,75.13,1117.55,3086.32,121.5200386,25.0751821
145,NI016,承德路-大南路,"['大南路', '承德路', '大南路', '承德路']",大南路 承德路,22.28,1675.16,2254.56,42.53,1426.1,1999.37,121.521739,25.0888355
146,NI017,承德路~基河路,"['基河路', '承德路五段', '承德路五段150巷', '承德路六段']",基河路 承德路五段,81.59,3893.9,4214.51,71.44,3358.66,3724.9,121.5134214,25.0977915
147,NI018,承德路~文林北路,"['-', '文林北路', '承德路六段', '承德路七段']",文林北路 承德路六段,128.63,3707.89,3990.48,119.84,3454.82,3955.34,121.5113713,25.1104743
148,NI019,承德路~士商路,"['士商路', '承德路五段', '通河街二段', '承德路五段']",士商路 承德路五段,116.26,3960.92,3925.82,64.94,3293.19,3340.87,121.5139267,25.0960592
149,NI021,承德路~福國路,"['福國路', '承德路', '福國路', '承德路']",福國路 承德路,124.25,3899.71,4475.04,76.82,3057.9,3551.28,121.5126562,25.1017376
150,NI022,承德路-劍潭路,"['劍潭路', '承德路', '劍潭路', '承德路']",劍潭路 承德路,112.31,2271.72,2078.97,44.07,1048.78,1901.15,121.5205915,25.0828299
151,NI023,承德路四段~通河街,"['通河街', '承德路四段', '通河街', '承德路四段']",通河街 承德路四段,51.06,852.95,2183.99,38.35,805.38,2106.27,121.5222191,25.0802188
152,NI024,中山北路~天母東路,"['天母東路', '中山北路六段', '天母西路', '中山北路七段']",天母東路 中山北路六段,187.16,1508.17,892.67,103.06,1063.56,892.38,121.5301021,25.1182298
153,NI025,中山北路~德行東路,"['德行東路', '中山北路', '德行東路', '中山北路']",德行東路 中山北路,39.34,1931.99,1962.67,46.36,1819.46,1563.18,121.5251413,25.1066838
154,NI026,中山北路~福國路,"['-', '中山北路五段', '福國路', '中山北路六段']",中山北路五段 福國路,100.11,3001.65,2245.24,106.86,3140.08,2477.06,121.5255085,25.1024219
155,NI027,石牌路~天母西路130巷,"['石牌路', '天母西路130巷', '石牌路', None]",石牌路 天母西路130巷,56.77,651.46,730.77,33.8,340.87,381.33,121.5224172,25.1188388
156,NI028,石牌路-天母西路,"['石牌路二段', '天母西路', '石牌路二段', '停車場出入口']",石牌路二段 天母西路,144.37,1288.66,1106.97,95.02,942.41,917.57,121.5219221,25.119222
157,NI029,石牌路~西安街,"['石牌路一段', '西安街一段', '石牌路二段', '西安街二段']",石牌路一段 西安街一段,77.15,1470.88,1606.97,26.4,736.47,984.13,121.5148063,25.1151305
158,NI030,石牌路-東華街,"['石牌路二段', '東華路二段', '石牌路一段', '東華路二段']",石牌路二段 東華路二段,143.42,1469.49,1443.09,54.49,871.35,1238.16,121.515576,25.116033
159,NI031,市民大道~東新街? ? ?,"['市民大道', '東新街', '市民大道', '東新街']",市民大道 東新街,28.3,1128.03,2770.67,16.87,1036.83,2186.3,121.582756,25.050819
160,NI032,市民大道~向陽路,"['市民大道', '向陽路', '市民大道', '向陽路']",市民大道 向陽路,137.79,1406.25,2145.96,112.14,1089.95,1287.91,121.5953919,25.0532077
161,NI033,內湖交流道,"['內湖交流道/安康路', '成功路', None, '成功路']",內湖交流道/安康路 成功路,185.4,2616.68,1832.92,98.88,1814.17,1382.95,121.60002,25.06293
162,NI034,忠孝東路~向陽路,"['忠孝東路七段', '忠孝東路七段124巷', '昆陽街157巷', '忠孝東路六段']",忠孝東路七段 忠孝東路七段124巷,142.29,1657.85,2015.86,122.66,1301.5,1089.84,121.5955487,25.0507431
163,NI035,忠孝東路~東新街? ? ?,"['忠孝東路', '東新街', '忠孝東路', '東新街']",忠孝東路 東新街,95.27,1596.87,2462.86,28.36,1093.91,2593.73,121.5851508,25.0480872
164,NI036,忠孝東路~研究院路     ,"['-', '研究院路一段', '忠孝東路七段', '研究院路一段']",研究院路一段 忠孝東路七段,126.64,1458.71,1795.65,139.6,1553.44,1520.96,121.6162165,25.053106
165,NI037,忠孝東路~中坡北路? ? ?,"['忠孝東路', '中坡北路', '忠孝東路', '中坡北路']",忠孝東路 中坡北路,66.03,1406.89,2418.08,71.58,781.32,1492.1,121.5819034,25.0442501
166,NI038,忠孝東路~興中路,"['忠孝東路', '-', '忠孝東路', '興中路']",忠孝東路 興中路,98.84,1037.95,1622.21,57.99,691.19,855.82,121.6079619,25.0521574
167,NI039,新生北路-濱江街,"['濱江街', '新生北路', '-', '新生北路']",濱江街 新生北路,37.47,1609.09,580.44,61.37,1783.64,196.99,121.527976,25.070701
168,NI040,建國北路三段~農安街,"['橋下道路', '建國北路三段', '農安街', '建國北路三段']",橋下道路 建國北路三段,64.46,2276.81,1488.73,44.14,2120.93,1061.93,121.5368345,25.0648778
169,NI041,八德路~建國北路,"['八德路二段', '建國南路一段', '八德路二段', '建國北路一段']",八德路二段 建國南路一段,39.82,1522.14,1608.04,29.32,1392.35,849.33,121.536404,25.0460381
170,NI042,敬業三路~北安路,"['北安路', '敬業三路', '北安路', '北安路821巷']",北安路 敬業三路,125.29,2284.57,3641.14,76.71,1062.47,1346.82,121.5563778,25.0845475
171,NI043,舊宗路~行善路,"['行善路', '舊宗路', '行善路', '舊宗路']",行善路 舊宗路,91.14,1900.83,2538.03,79.07,1569.5,2114.43,121.581958,25.060186
172,NI044,重慶北路~哈密街,"['哈密街', '重慶北路', '哈密街', '重慶北路']",哈密街 重慶北路,306.18,1850.79,1389.03,301.82,2062.13,1156.05,121.5135839,25.0726887
173,NI046,民族西路~玉門街,"['民族西路', '撫順街44巷', '民族西路', '玉門街']",民族西路 撫順街44巷,192.52,1429.64,2859.84,126.39,573.18,754.43,121.5158928,25.0685856
174,NI047,光明路~大業路,"['光明路', '大業路', '中和街', '泉源路']",光明路 大業路,64.06,729.44,1327.5,44.44,560.8,1150.76,121.5037908,25.1371855
175,NI048,中央北路-光明路-磺港路(1),"['磺港路(公館路)', '光明路', '中央北路一段', '光明路']",磺港路(公館路) 光明路,37.04,528.85,1556.11,40.73,320.04,1282.23,121.5019958,25.1335791
176,NI048,中央北路-光明路-磺港路(2),"['光明路', '中央南路一段', '光明路', '中央北路一段']",光明路 中央南路一段,43.33,466.07,1435.6,29.28,265.01,1168.71,121.5015232,25.1331737
177,NI049,士東路-忠誠路,"['士東路', '忠誠路', '士東路', '82巷']",士東路 忠誠路,97.2,1568.4,688.4,88.84,1189.11,580.05,121.5307061,25.1124612
178,NI050,洲子街~港墘路,"['港墘路127巷', '港墘路', '洲子街', '港墘路']",港墘路127巷 港墘路,57.82,1825.77,1016.41,53.02,1602.55,935.43,121.5760694,25.0780711
179,NI051,康寧路~五分街,"['五分街', '康寧路', '-', '康寧路']",五分街 康寧路,111.86,1902.77,1228.37,106.29,1627.86,1062.85,121.615029,25.067281
180,NI052,新明路298巷~新明路,"['新明路', '成美橋', '新明路', '新明路298巷']",新明路 成美橋,70.3,1253,2623.7,61.36,1136.79,2114.85,121.5822236,25.0556652
181,SI001,艋舺大道~西園路,"['艋舺大道', '西園路二段', '艋舺大道', '西園路一段']",艋舺大道 西園路二段,85.17,2423.68,1934.15,78.48,1256.39,1611.13,121.4978664,25.0330882
182,SI002,艋舺大道~萬大路,"['艋舺大道', '萬大路', '艋舺大道', '康定路']",艋舺大道 萬大路,82.89,2180.27,2872.84,64.95,1209.96,1600.09,121.5005203,25.0330439
183,SI003,八德路~金山南路,"['八德路一段', '金山南路一段', '八德路一段', '金山北路']",八德路一段 金山南路一段,15.72,1745.09,1372.19,7.89,1644.03,1128.08,121.5298973,25.0436466
184,SI004,八德路~市民大道,"['市民大道三段', '八德路二段', '市民大道三段', '八德路二段']",市民大道三段 八德路二段,61.79,2560.14,4961.07,25.45,1880.68,2202.87,121.5345091,25.0448936
185,SI005,復興北路 ~八德路,"['八德路', '復興北路', '八德路', '復興北路']",八德路 復興北路,57.83,2185.07,3540.1,65.62,2232.63,3230.75,121.5647057,25.0490375
186,S001,八德路~光復南路,"['八德路四段', '光復南路', '八德路三段', '光復北路']",八德路四段 光復南路,101.65,1945.18,2454.17,83.8,1849.61,2256.59,121.5577577,25.0482031
187,SI007,信義路~杭州南路,"['信義路二段', '杭州南路二段', '信義路二段', '杭州南路二段']",信義路二段 杭州南路二段,360.02,1619.92,1176.06,469.79,1354.97,616.24,121.5243077,25.0353695
188,SI008,信義路~松德路,"['信義路六段', '松德路', '信義路五段', '松德路']",信義路六段 松德路,131.25,2238.57,2243.18,95.19,1699.11,1652.7,121.5746425,25.0335466
189,SI009,信義路~松山路,"['福德街', '松山路', '信義路六段', '松山路']",福德街 松山路,92.11,837.65,1336.24,60.23,416.79,815.98,121.5784558,25.0362724
190,SI010,信義路~松仁路,"['信義路五段', '松仁路', '信義路五段', '松仁路']",信義路五段 松仁路,298.5,3528.95,3912.55,149.25,1940.71,2497.04,121.5684556,25.0327831
191,SI011,信義路~市府路,"['信義路五段', '-', '信義路五段', '市府路']",信義路五段 市府路,71.09,1668.07,1719.84,13.06,688.18,761.76,121.5635343,25.0329839
192,SI012,信義路~莊敬路,"['信義路五段', '莊敬路', '信義路五段', '莊敬路']",信義路五段 莊敬路,103.6,1700.67,2173.73,65.84,1042.4,1574.76,121.5613525,25.0330215
193,SI013,信義路~大安路,"['信義路四段', '大安路二段', '信義路四段', '大安路一段']",信義路四段 大安路二段,135.43,1985.14,2572.43,57.1,1835.3,1755.6,121.545972,25.0332645
194,SI014,忠孝東路~金山南路,"['忠孝東路二段', '金山南路一段', '忠孝東路二段', '金山南路一段']",忠孝東路二段 金山南路一段,112.56,2952.85,2683.59,54.42,1702.33,1706.25,121.5299505,25.0430583
195,SI015,忠孝西路~環河北路,"['忠孝西路二段', '環河南路一段', '-', '環河北路一段']",忠孝西路二段 環河南路一段,4.76,1239.9,2195.34,0,796.46,1476.54,121.5061205,25.0488894
196,SI016,忠孝西路~西寧南路,"['忠孝西路二段', '西寧南路', '忠孝西路二段', '西寧南路']",忠孝西路二段 西寧南路,119.22,2173.93,3703.85,54.9,1122.05,2298.05,121.5075616,25.048519
197,SI107,忠孝西路-延平北路,"['忠孝西路一段', '博愛路', '忠孝西路一段', '延平北路一段']",忠孝西路一段 博愛路,407.44,3171.42,1145.14,224.62,1555.39,422.99,121.5123178,25.0474008
198,SI018,忠孝西路-館前路,"['忠孝西路一段', '館前路', '忠孝西路一段', '館前路']",忠孝西路一段 館前路,494.25,4035.7,528.05,207.08,2065.4,625.52,121.5150428,25.0468901
199,SI019,忠孝東路~松山路,"['忠孝東路五段', '松山路', '忠孝東路五段', '松山路']",忠孝東路五段 松山路,145.25,2237.7,2920.05,108.72,1500.45,1911.83,121.5778906,25.0408047
200,SI020,忠孝東路~大安路,"['忠孝東路四段', '大安路一段', '忠孝東路四段', '大安路一段']",忠孝東路四段 大安路一段,148.16,3746.25,2795.59,83.23,2219.61,1597.16,121.5461485,25.0415413
201,SI021,忠孝東路~林森南路,"['忠孝東路一段', '林森南路', '忠孝東路一段', '林森北路']",忠孝東路一段 林森南路,197.33,3653.89,1931.78,146.56,2372.88,2083.56,121.5233006,25.0447658
202,SI022,忠孝東路~逸仙路,"['忠孝東路四段', '逸仙路', '忠孝東路四段', '-']",忠孝東路四段 逸仙路,92.91,2557.65,2560.44,53.28,1789.5,1472.22,121.5615869,25.0413166
203,SI023,和平西路~環河南路,"['和平西路', '環河南路', '和平西路', '環河南路']",和平西路 環河南路,36.89,1107.76,1510.35,28.99,992.42,857.59,121.494352,25.035338
204,SI024,和平西路~艋舺大道,"['艋舺大道', '和平西路二段', '艋舺大道', '和平西路三段']",艋舺大道 和平西路二段,72.86,2069.2,3305.94,53.66,1205.86,1712.48,121.5047439,25.0338318
205,SI025,和平西路~康定路,"['和平西路三段', '康定路', '和平西路三段', '康定路']",和平西路三段 康定路,168.58,1470.45,2449.97,119.7,782.86,1502.44,121.5012382,25.0352738
206,SI026,和平西路~昆明街,"['南寧路', '和平西路三段', '和平西路三段', '昆明街']",南寧路 和平西路三段,122.37,1258.25,1609.38,71.28,574.72,1168,121.503358,25.0350138
207,SI027,和平西路~南海路,"['和平西路二段', '南海路', '和平西路二段', '南海路']",和平西路二段 南海路,50.95,1585.93,2188.12,47.06,832.12,1894.82,121.5092356,25.0305941
208,SI028,和平東路~金山南路,"['和平東路一段', '停車場出口', '和平東路一段', '金山南路']",和平東路一段 停車場出口,65.07,1268.64,2360.29,36.26,1112.29,1328.45,121.5430781,25.0254963
209,SI029,景福街~羅斯福路六段142巷,"['羅斯福路六段142巷', '景福街', '羅斯福路六段142巷', '景福街']",羅斯福路六段142巷 景福街,12.7,1176.44,322.86,11.29,487.32,139.39,121.5368806,24.9981458
210,SI030,和平西路~西園路,"['和平西路三段', '西園路一段', '和平西路三段', '西園路一段']",和平西路三段 西園路一段,164.95,1600.64,2137.41,101.88,725.71,1534.41,121.4993278,25.035199
211,SI031,仁愛路~杭州南路,"['仁愛路二段', '杭州南路一段', '仁愛路一段', '杭州南路一段']",仁愛路二段 杭州南路一段,64.67,2161.11,1497.22,47.22,230.14,385.64,121.525238,25.0383858
212,SI032,仁愛路-逸仙路,"['仁愛路四段', '仁愛路四段512巷', '仁愛路四段', '逸仙路']",仁愛路四段 仁愛路四段512巷,85.09,1412.18,728.73,48.82,812.91,476.27,121.561278,25.037582
213,SI033,仁愛路~大安路,"['仁愛路四段', '大安路一段', '仁愛路四段', '大安路一段']",仁愛路四段 大安路一段,89.79,2042.17,1017.04,49,253.35,363.65,121.5460427,25.0377358
214,SI034,仁愛路~林森南路,"['仁愛路一段', '林森南路', '仁愛路一段', '林森南路']",仁愛路一段 林森南路,85.34,1919.18,1434.48,75.1,500.96,1389.94,121.5216419,25.0387672
215,SI035,仁愛路~基隆路,"['仁愛路四段', '基隆路一段', '仁愛路四段', '市議會出口']",仁愛路四段 基隆路一段,74.37,1030.13,544.5,40.3,1025.94,527.76,121.5619947,25.0375466
216,SI036,桂林路~環河南路,"['桂林路', '環河南路二段', '桂林路', '環河南路二段']",桂林路 環河南路二段,12.16,1525.3,1019.54,3.64,1060.86,785.5,121.4971238,25.038617
217,SI037,環河南路~康定路,"['漢口街二段90巷8弄', '康定路', '環河南路一段', '環河南路一段']",漢口街二段90巷8弄 康定路,22.86,1089.55,2888.59,19.1,883.5,2406.4,121.5039579,25.04593
218,SI038,環河南路~水源路,"['水源路', '水門', '環河南路三段', '萬大路']",水源路 水門,34.52,649.76,772.72,54.46,292.7,293.84,121.5081382,25.0568857
219,SI039,環河南路~萬大路,"['環河南路三段', '水門', '環河南路三段', '萬大路']",環河南路三段 水門,29.6,707.79,824.61,58.04,297,156.96,121.4991948,25.016597
220,SI040,環河南路~成都路,"['成都路', '環河南路一段', '-', '環河南路一段']",成都路 環河南路一段,0,1253.71,2617.29,0,331.24,1678.76,121.5011033,25.0445013
221,SI041,環河南路~內江街~西園路,"['內江街', '西園路一段', '環河南路一段', '環河南路一段']",內江街 西園路一段,0,797.61,2983.39,0,358.3,2034.7,121.5002019,25.041841
222,SI042,康定路~內江街,"['內江街', '康定路', '內江街', '康定路']",內江街 康定路,86.75,1491.38,1526.87,70.28,783.4,1578.32,121.502281,25.0416993
223,SI043,成都路~康定路,"['成都路', '康定路', '成都路(中興橋)', '康定路']",成都路 康定路,113,2241.66,1032.34,79.03,869.42,932.55,121.50256,25.0432997
224,SI044,秀明路~新光路(萬壽橋)?,"['秀明路二段', '新光路一段', '萬壽橋', '新光路一段']",秀明路二段 新光路一段,88.76,1233.87,1089.37,62.16,858.27,850.57,121.5736508,24.9917052
225,SI045,木柵路~新光路,"['木柵路五段', '新光路二段', '木柵路五段', '-']",木柵路五段 新光路二段,169.8,902.44,926.76,100.99,477.15,466.86,121.5839685,25.002947
226,SI046,萬大路~西藏路,"['西藏路', '萬大路', '西藏路', '萬大路']",西藏路 萬大路,77.75,1358.61,3229.64,87.19,724.99,1960.82,121.5005697,25.029447
227,SI047,萬大路~東園街,"['萬大路423巷', '萬大路', '東園街', '萬大路']",萬大路423巷 萬大路,106.32,1189.38,2256.3,94.15,716.64,1590.21,121.4986978,25.0215201
228,SI048,松高路~松仁路,"['松高路', '松仁路', '松高路', '松仁路']",松高路 松仁路,133.6,1981.82,1662.58,118.75,1714,1488.25,121.5685182,25.0390693
229,SI049,長安東路~八德路,"['八德路', '八德路二段366巷', '八德路', '長安東路']",八德路 八德路二段366巷,37.01,1381.52,1440.47,23.19,731.76,859.05,121.5461051,25.0473646
230,R001,北安路口~自強隧道圓環,"['北安路', '北安路', '-', '自強隧道']",北安路 自強隧道,121,2506.32,4510.68,82.01,1207.81,2065.18,121.550036,25.085787
231,R002,圓山隧道圓環,"['北安路','中山北路','上新生高架','中山北路','下新生高架','中山北路慢車']",圓山隧道圓環,201.11,4096.49,4506.4,159.12,3545.19,3942.69,121.525604,25.076963
232,R003,景福門圓環,"['仁愛路一段', '信義路一段', '中山南路', '凱達格蘭大道']",仁愛路一段 信義路一段,268.19,3440.94,4090.87,261.33,2673.61,3342.06,121.517681,25.039021
233,R004,仁愛圓環,"['仁愛路四段', '敦化南路一段', '四維路', '仁愛路三段']",仁愛路四段 敦化南路一段,264.08,4074.56,2941.36,169.33,2811.22,2038.45,121.548851,25.037796
234,R005,公館圓環,"['基隆路四段', '羅斯福路四段119巷', '羅斯福路四段123巷', '羅斯福路四段 ']",基隆路四段 羅斯福路四段119巷,148.07,2939.14,7786.79,78.25,1775.01,5175.74,121.537108,25.011181
235,A001,大度路,大度路,大度路,180.61,4461.76,3944.33,36.08,4146.54,3795.38,121.481005,25.122283
236,A002,重陽橋,重陽橋,重陽橋,49.74,3317.01,5027.58,69.62,2721.82,4144.64,121.504692,25.085503
237,A003,臺北橋,臺北橋,臺北橋,45.6452,1478.4366,8367.622,98.5264,1783.599,7902.5806,121.507331,25.063505
238,A004,忠孝橋,忠孝橋,忠孝橋,121.1334,4187.8408,4742.2824,158.5397,5827.6566,4869.864,121.500685,25.051883
239,A005,中興橋,中興橋,中興橋,87.0188,2406.6544,4063.9086,59.225,2004.402,3831.8512,121.495751,25.047398
240,A006,華江橋,華江橋,華江橋,21.5164,3032.3576,4813.5072,92.2378,2552.3776,3991.7268,121.481799,25.035793
241,A007,光復橋,光復橋,光復橋,13.762,775.8244,3648.3064,42.273,612.5778,3572.4492,121.488545,25.02348
242,A008,萬板大橋,萬板大橋,萬板大橋,51.023,1049.2336,1301.4946,35.2434,754.6932,1174.042,121.48662,25.029497
243,A009,華中橋,華中橋,華中橋,23.0264,1631.0424,2812.8656,36.1876,1247.5988,2298.786,121.495429,25.010048
244,A010,中正橋,中正橋,中正橋,86.2704,2463.4112,6052.8008,73.958,1896.09,5327.412,121.516089,25.020234
245,A011,永福橋,永福橋,永福橋,0,989.09,4130.91,8.99,538.43,2761.58,121.527153,25.010646
246,A012,福和橋,福和橋,福和橋,81.974,2219.6948,4226.5178,69.5348,1468.1928,3913.0576,121.531572,25.008342
247,A013,鳴遠橋,鳴遠橋,鳴遠橋,92.32,1780.92,2722.9,93.54,1353.36,2323.58,121.54057,24.985412
248,A014,舊景美溪橋,舊景美溪橋,舊景美溪橋,0,508.2,1274,0,408.9,1436,121.540845,24.987876
249,A015,寶橋,寶橋,寶橋,72.76,1370.58,2194.66,74.19,983.16,1933.44,121.553162,24.979732
250,A016,南港橋,南港橋,南港橋,147.52,1578.41,3627.5,177.17,1597.42,2897.22,121.619793,25.054695
251,A017,水源快速道路,水源快速道路,水源快速道路,128.45,5246.55,0,128.48,5135.52,0,121.526276,25.014679
252,A018,南深路,南深路,南深路,15.5076,78.0348,322.9644,3.382,78.2536,253.65,121.622498,25.02798
253,A019,景美溪橋,景美溪橋,景美溪橋,26.48,958.02,1663.5,23.72,817.57,1543.34,121.544588,24.986691
254,A020,基隆路高架道路(新店永和匯流交織進城),基隆路高架道路(新店永和匯流交織進城),基隆路高架道路(新店永和匯流交織進城),52.75,3414.3,0,56.462,1655.118,0,121.545135,25.017818
255,A021,基隆路高架道路(新店永和匯流交織進城),基隆路高架道路(新店永和匯流交織進城),基隆路高架道路(新店永和匯流交織進城),52.75,3414.3,0,56.462,1655.118,0,121.545135,25.017818
256,A022,華翠大橋,華翠大橋,華翠大橋,67.812,2861.568,0,64.39,2425.018,0,121.486781,25.027399
257,A023,汐湖二橋,汐湖二橋,汐湖二橋,5.11,391.94,795.95,3.63,354.52,496.72,121.618191,25.066374
